Accession	Organism	TaxID	Taxonomic_Lineage
WP_040963265.1	  Mycobacterium avium	1764	cellular organisms; Bacteria; Bacillati; Actinomycetota; Actinomycetes; Mycobacteriales; Mycobacteriaceae; Mycobacterium; Mycobacterium avium complex (MAC)
WP_164922330.1	  Rhodopirellula baltica	265606	cellular organisms; Bacteria; Pseudomonadati; PVC group; Planctomycetota; Planctomycetia; Pirellulales; Pirellulaceae; Rhodopirellula
WP_011777591.1	  Mycolicibacterium vanbaalenii	110539	cellular organisms; Bacteria; Bacillati; Actinomycetota; Actinomycetes; Mycobacteriales; Mycobacteriaceae; Mycolicibacterium
WP_041376582.1	  Polaromonas naphthalenivorans	216465	cellular organisms; Bacteria; Pseudomonadati; Pseudomonadota; Betaproteobacteria; Burkholderiales; Comamonadaceae; Polaromonas
WP_238380271.1	  Salinispora tropica	168695	cellular organisms; Bacteria; Bacillati; Actinomycetota; Actinomycetes; Micromonosporales; Micromonosporaceae; Salinispora
WP_013285680.1	  Micromonospora	1873	cellular organisms; Bacteria; Bacillati; Actinomycetota; Actinomycetes; Micromonosporales; Micromonosporaceae
WP_236619319.1	  Micromonospora	1873	cellular organisms; Bacteria; Bacillati; Actinomycetota; Actinomycetes; Micromonosporales; Micromonosporaceae
WP_013725627.1	  Clostridium botulinum	1491	cellular organisms; Bacteria; Bacillati; Bacillota; Clostridia; Eubacteriales; Clostridiaceae; Clostridium
WP_013993446.1	  Zobellia galactanivorans	63186	cellular organisms; Bacteria; Pseudomonadati; FCB group; Bacteroidota/Chlorobiota group; Bacteroidota; Flavobacteriia; Flavobacteriales; Flavobacteriaceae; Zobellia
WP_041742897.1	  Collimonas fungivorans	158899	cellular organisms; Bacteria; Pseudomonadati; Pseudomonadota; Betaproteobacteria; Burkholderiales; Oxalobacteraceae; Collimonas
WP_052590722.1	  Halobacteriovorax marinus	97084	cellular organisms; Bacteria; Pseudomonadati; Bdellovibrionota; Bacteriovoracia; Bacteriovoracales; Halobacteriovoraceae; Halobacteriovorax
WP_014643397.1	  Halobacillus halophilus	1570	cellular organisms; Bacteria; Bacillati; Bacillota; Bacilli; Bacillales; Bacillaceae; Halobacillus
WP_014796187.1	  Bernardetia litoralis	999	cellular organisms; Bacteria; Pseudomonadati; FCB group; Bacteroidota/Chlorobiota group; Bacteroidota; Cytophagia; Cytophagales; Bernardetiaceae; Bernardetia
WP_014881715.1	  Phaeobacter inhibens	221822	cellular organisms; Bacteria; Pseudomonadati; Pseudomonadota; Alphaproteobacteria; Rhodobacterales; Roseobacteraceae; Phaeobacter
WP_014889274.1	  Phaeobacter	302485	cellular organisms; Bacteria; Pseudomonadati; Pseudomonadota; Alphaproteobacteria; Rhodobacterales; Roseobacteraceae
WP_015037188.1	  Streptomyces	1883	cellular organisms; Bacteria; Bacillati; Actinomycetota; Actinomycetes; Kitasatosporales; Streptomycetaceae
WP_044290862.1	  Rivularia sp. PCC 7116	373994	cellular organisms; Bacteria; Bacillati; Cyanobacteriota/Melainabacteria group; Cyanobacteriota; Cyanophyceae; Nostocales; Rivulariaceae; Rivularia; unclassified Rivularia (in: cyanobacteria)
WP_225901180.1	  [Leptolyngbya] sp. PCC 7376	111781	cellular organisms; Bacteria; Bacillati; Cyanobacteriota/Melainabacteria group; Cyanobacteriota; Cyanophyceae; Oscillatoriophycideae; Chroococcales; Geminocystaceae; Picosynechococcus; unclassified Picosynechococcus
WP_015350516.1	  Myxococcus stipitatus	83455	cellular organisms; Bacteria; Pseudomonadati; Myxococcota; Myxococcia; Myxococcales; Cystobacterineae; Myxococcaceae; Myxococcus
WP_063643004.1	  Actinoplanes sp. N902-109	649831	cellular organisms; Bacteria; Bacillati; Actinomycetota; Actinomycetes; Micromonosporales; Micromonosporaceae; Actinoplanes; unclassified Actinoplanes
WP_020734497.1	  Sorangium cellulosum	56	cellular organisms; Bacteria; Pseudomonadati; Myxococcota; Polyangia; Polyangiales; Polyangiaceae; Sorangium
WP_021008421.1	  Variovorax paradoxus	34073	cellular organisms; Bacteria; Pseudomonadati; Pseudomonadota; Betaproteobacteria; Burkholderiales; Comamonadaceae; Variovorax
WP_022750723.1	  Clostridium saccharobutylicum	169679	cellular organisms; Bacteria; Bacillati; Bacillota; Clostridia; Eubacteriales; Clostridiaceae; Clostridium
XP_043138029.1	  Aspergillus chevalieri	182096	cellular organisms; Eukaryota; Opisthokonta; Fungi; Dikarya; Ascomycota; saccharomyceta; Pezizomycotina; leotiomyceta; Eurotiomycetes; Eurotiomycetidae; Eurotiales; Aspergillaceae; Aspergillus; Aspergillus subgen. Aspergillus
XP_001220510.1	  Chaetomium globosum CBS 148.51	306901	cellular organisms; Eukaryota; Opisthokonta; Fungi; Dikarya; Ascomycota; saccharomyceta; Pezizomycotina; leotiomyceta; sordariomyceta; Sordariomycetes; Sordariomycetidae; Sordariales; Chaetomiaceae; Chaetomium; Chaetomium globosum
XP_040709120.1	  Aspergillus sydowii CBS 593.65	1036612	cellular organisms; Eukaryota; Opisthokonta; Fungi; Dikarya; Ascomycota; saccharomyceta; Pezizomycotina; leotiomyceta; Eurotiomycetes; Eurotiomycetidae; Eurotiales; Aspergillaceae; Aspergillus; Aspergillus subgen. Nidulantes; Aspergillus sydowii
WP_096559380.1	  Nostoc sp. NIES-4103	2005458	cellular organisms; Bacteria; Bacillati; Cyanobacteriota/Melainabacteria group; Cyanobacteriota; Cyanophyceae; Nostocales; Nostocaceae; Nostoc; unclassified Nostoc
WP_173053422.1	  Candidatus Nitrotoga sp. AM1P	2559597	cellular organisms; Bacteria; Pseudomonadati; Pseudomonadota; Betaproteobacteria; Nitrosomonadales; Gallionellaceae; Candidatus Nitrotoga; unclassified Candidatus Nitrotoga
WP_173037250.1	  Phytohabitans flavus	1076124	cellular organisms; Bacteria; Bacillati; Actinomycetota; Actinomycetes; Micromonosporales; Micromonosporaceae; Phytohabitans
WP_232075728.1	  Phytohabitans suffuscus	624315	cellular organisms; Bacteria; Bacillati; Actinomycetota; Actinomycetes; Micromonosporales; Micromonosporaceae; Phytohabitans
WP_212808405.1	  Micromonospora endophytica	515350	cellular organisms; Bacteria; Bacillati; Actinomycetota; Actinomycetes; Micromonosporales; Micromonosporaceae; Micromonospora
WP_223256145.1	  Micromonospora endophytica	515350	cellular organisms; Bacteria; Bacillati; Actinomycetota; Actinomycetes; Micromonosporales; Micromonosporaceae; Micromonospora
WP_187683684.1	  Nocardia wallacei	480035	cellular organisms; Bacteria; Bacillati; Actinomycetota; Actinomycetes; Mycobacteriales; Nocardiaceae; Nocardia
WP_187685346.1	  Nocardia wallacei	480035	cellular organisms; Bacteria; Bacillati; Actinomycetota; Actinomycetes; Mycobacteriales; Nocardiaceae; Nocardia
WP_224095938.1	  Nostoc sp. MS1	2764711	cellular organisms; Bacteria; Bacillati; Cyanobacteriota/Melainabacteria group; Cyanobacteriota; Cyanophyceae; Nostocales; Nostocaceae; Nostoc; unclassified Nostoc
WP_221328379.1	  Actinoplanes sp. L3-i22	2836373	cellular organisms; Bacteria; Bacillati; Actinomycetota; Actinomycetes; Micromonosporales; Micromonosporaceae; Actinoplanes; unclassified Actinoplanes
WP_230104786.1	  [Clostridium] scindens	29347	cellular organisms; Bacteria; Bacillati; Bacillota; Clostridia; Lachnospirales; Lachnospiraceae; Lachnoclostridium
WP_229331139.1	  Flavobacterium ammonificans	1751056	cellular organisms; Bacteria; Pseudomonadati; FCB group; Bacteroidota/Chlorobiota group; Bacteroidota; Flavobacteriia; Flavobacteriales; Flavobacteriaceae; Flavobacterium
WP_229318117.1	  Flavobacterium ammoniigenes	1751095	cellular organisms; Bacteria; Pseudomonadati; FCB group; Bacteroidota/Chlorobiota group; Bacteroidota; Flavobacteriia; Flavobacteriales; Flavobacteriaceae; Flavobacterium
WP_229326619.1	  Flavobacterium ammonificans	1751056	cellular organisms; Bacteria; Pseudomonadati; FCB group; Bacteroidota/Chlorobiota group; Bacteroidota; Flavobacteriia; Flavobacteriales; Flavobacteriaceae; Flavobacterium
WP_251960656.1	  Nostoc commune	1178	cellular organisms; Bacteria; Bacillati; Cyanobacteriota/Melainabacteria group; Cyanobacteriota; Cyanophyceae; Nostocales; Nostocaceae; Nostoc
WP_208857888.1	  Streptomyces flavidovirens	67298	cellular organisms; Bacteria; Bacillati; Actinomycetota; Actinomycetes; Kitasatosporales; Streptomycetaceae; Streptomyces
WP_027246543.1	  Phaeobacter inhibens	221822	cellular organisms; Bacteria; Pseudomonadati; Pseudomonadota; Alphaproteobacteria; Rhodobacterales; Roseobacteraceae; Phaeobacter
WP_028475870.1	  Nocardia sp. CNY236	1169152	cellular organisms; Bacteria; Bacillati; Actinomycetota; Actinomycetes; Mycobacteriales; Nocardiaceae; Nocardia; unclassified Nocardia
WP_149099423.1	  Rufibacter glacialis	1259555	cellular organisms; Bacteria; Pseudomonadati; FCB group; Bacteroidota/Chlorobiota group; Bacteroidota; Cytophagia; Cytophagales; Hymenobacteraceae; Rufibacter
WP_170097054.1	  Haloarcula	2237	cellular organisms; Archaea; Methanobacteriati; Methanobacteriota; Stenosarchaea group; Halobacteria; Halobacteriales; Haloarculaceae
WP_221480676.1	  Actinomadura livida	79909	cellular organisms; Bacteria; Bacillati; Actinomycetota; Actinomycetes; Streptosporangiales; Thermomonosporaceae; Actinomadura
WP_221480675.1	  Actinomadura livida	79909	cellular organisms; Bacteria; Bacillati; Actinomycetota; Actinomycetes; Streptosporangiales; Thermomonosporaceae; Actinomadura
WP_190171405.1	  Streptomyces mirabilis	68239	cellular organisms; Bacteria; Bacillati; Actinomycetota; Actinomycetes; Kitasatosporales; Streptomycetaceae; Streptomyces
WP_229909203.1	  Streptomyces griseosporeus	1910	cellular organisms; Bacteria; Bacillati; Actinomycetota; Actinomycetes; Kitasatosporales; Streptomycetaceae; Streptomyces
WP_061703592.1	  Pantoea vagans	470934	cellular organisms; Bacteria; Pseudomonadati; Pseudomonadota; Gammaproteobacteria; Enterobacterales; Erwiniaceae; Pantoea
WP_009738728.1	  Frankia sp. QA3	710111	cellular organisms; Bacteria; Bacillati; Actinomycetota; Actinomycetes; Frankiales; Frankiaceae; Frankia; unclassified Frankia
WP_004434413.1	  Bacillus methanolicus	1471	cellular organisms; Bacteria; Bacillati; Bacillota; Bacilli; Bacillales; Bacillaceae; Bacillus
WP_038515022.1	  Amycolatopsis	1813	cellular organisms; Bacteria; Bacillati; Actinomycetota; Actinomycetes; Pseudonocardiales; Pseudonocardiaceae
WP_015875928.1	  Burkholderia glumae	337	cellular organisms; Bacteria; Pseudomonadati; Pseudomonadota; Betaproteobacteria; Burkholderiales; Burkholderiaceae; Burkholderia
WP_040250729.1	  Streptomyces	1883	cellular organisms; Bacteria; Bacillati; Actinomycetota; Actinomycetes; Kitasatosporales; Streptomycetaceae
WP_078845178.1	  Streptomyces	1883	cellular organisms; Bacteria; Bacillati; Actinomycetota; Actinomycetes; Kitasatosporales; Streptomycetaceae
WP_024099097.1	  Phaeobacter gallaeciensis	60890	cellular organisms; Bacteria; Pseudomonadati; Pseudomonadota; Alphaproteobacteria; Rhodobacterales; Roseobacteraceae; Phaeobacter
WP_102856071.1	  Phaeobacter inhibens	221822	cellular organisms; Bacteria; Pseudomonadati; Pseudomonadota; Alphaproteobacteria; Rhodobacterales; Roseobacteraceae; Phaeobacter
WP_102888715.1	  Phaeobacter inhibens	221822	cellular organisms; Bacteria; Pseudomonadati; Pseudomonadota; Alphaproteobacteria; Rhodobacterales; Roseobacteraceae; Phaeobacter
WP_102916055.1	  Phaeobacter inhibens	221822	cellular organisms; Bacteria; Pseudomonadati; Pseudomonadota; Alphaproteobacteria; Rhodobacterales; Roseobacteraceae; Phaeobacter
WP_102877731.1	  Phaeobacter inhibens	221822	cellular organisms; Bacteria; Pseudomonadati; Pseudomonadota; Alphaproteobacteria; Rhodobacterales; Roseobacteraceae; Phaeobacter
WP_102898367.1	  Phaeobacter piscinae	1580596	cellular organisms; Bacteria; Pseudomonadati; Pseudomonadota; Alphaproteobacteria; Rhodobacterales; Roseobacteraceae; Phaeobacter
WP_102850168.1	  Phaeobacter inhibens	221822	cellular organisms; Bacteria; Pseudomonadati; Pseudomonadota; Alphaproteobacteria; Rhodobacterales; Roseobacteraceae; Phaeobacter
WP_096790410.1	  Phaeobacter piscinae	1580596	cellular organisms; Bacteria; Pseudomonadati; Pseudomonadota; Alphaproteobacteria; Rhodobacterales; Roseobacteraceae; Phaeobacter
WP_102875460.1	  Phaeobacter inhibens	221822	cellular organisms; Bacteria; Pseudomonadati; Pseudomonadota; Alphaproteobacteria; Rhodobacterales; Roseobacteraceae; Phaeobacter
WP_096873317.1	  Phaeobacter piscinae	1580596	cellular organisms; Bacteria; Pseudomonadati; Pseudomonadota; Alphaproteobacteria; Rhodobacterales; Roseobacteraceae; Phaeobacter
WP_102884428.1	  Phaeobacter inhibens	221822	cellular organisms; Bacteria; Pseudomonadati; Pseudomonadota; Alphaproteobacteria; Rhodobacterales; Roseobacteraceae; Phaeobacter
WP_102859777.1	  Phaeobacter inhibens	221822	cellular organisms; Bacteria; Pseudomonadati; Pseudomonadota; Alphaproteobacteria; Rhodobacterales; Roseobacteraceae; Phaeobacter
WP_102870924.1	  Phaeobacter inhibens	221822	cellular organisms; Bacteria; Pseudomonadati; Pseudomonadota; Alphaproteobacteria; Rhodobacterales; Roseobacteraceae; Phaeobacter
WP_102870924.1	  Phaeobacter inhibens	221822	cellular organisms; Bacteria; Pseudomonadati; Pseudomonadota; Alphaproteobacteria; Rhodobacterales; Roseobacteraceae; Phaeobacter
WP_096873317.1	  Phaeobacter piscinae	1580596	cellular organisms; Bacteria; Pseudomonadati; Pseudomonadota; Alphaproteobacteria; Rhodobacterales; Roseobacteraceae; Phaeobacter
WP_040182434.1	  Phaeobacter	302485	cellular organisms; Bacteria; Pseudomonadati; Pseudomonadota; Alphaproteobacteria; Rhodobacterales; Roseobacteraceae
WP_146676632.1	  Pirellula sp. SH-Sr6A	1632865	cellular organisms; Bacteria; Pseudomonadati; PVC group; Planctomycetota; Planctomycetia; Pirellulales; Pirellulaceae; Pirellula; unclassified Pirellula
WP_253911416.1	  unclassified Streptomyces	2593676	cellular organisms; Bacteria; Bacillati; Actinomycetota; Actinomycetes; Kitasatosporales; Streptomycetaceae; Streptomyces
WP_253911418.1	  Streptomyces sp. CNQ-509	444103	cellular organisms; Bacteria; Bacillati; Actinomycetota; Actinomycetes; Kitasatosporales; Streptomycetaceae; Streptomyces; unclassified Streptomyces
WP_047018063.1	  unclassified Streptomyces	2593676	cellular organisms; Bacteria; Bacillati; Actinomycetota; Actinomycetes; Kitasatosporales; Streptomycetaceae; Streptomyces
WP_047332984.1	  Mycobacterium sp. EPa45	1545728	cellular organisms; Bacteria; Bacillati; Actinomycetota; Actinomycetes; Mycobacteriales; Mycobacteriaceae; Mycobacterium; unclassified Mycobacterium
WP_054414338.1	  Hymenobacter sp. DG25A	1385663	cellular organisms; Bacteria; Pseudomonadati; FCB group; Bacteroidota/Chlorobiota group; Bacteroidota; Cytophagia; Cytophagales; Hymenobacteraceae; Hymenobacter; unclassified Hymenobacter
WP_129348307.1	  Sorangium cellulosum	56	cellular organisms; Bacteria; Pseudomonadati; Myxococcota; Polyangia; Polyangiales; Polyangiaceae; Sorangium
WP_112124368.1	  Methanosphaera sp. BMS	1789762	cellular organisms; Archaea; Methanobacteriati; Methanobacteriota; Methanomada group; Methanobacteria; Methanobacteriales; Methanobacteriaceae; Methanosphaera; unclassified Methanosphaera
WP_157899073.1	  Luteitalea pratensis	1855912	cellular organisms; Bacteria; Pseudomonadati; Acidobacteriota; Vicinamibacteria; Vicinamibacterales; Vicinamibacteraceae; Luteitalea
WP_110171041.1	  Luteitalea pratensis	1855912	cellular organisms; Bacteria; Pseudomonadati; Acidobacteriota; Vicinamibacteria; Vicinamibacterales; Vicinamibacteraceae; Luteitalea
WP_113692523.1	  Amycolatopsis albispora	1804986	cellular organisms; Bacteria; Bacillati; Actinomycetota; Actinomycetes; Pseudonocardiales; Pseudonocardiaceae; Amycolatopsis
WP_107451048.1	  Streptomyces sp. RTd22	1841249	cellular organisms; Bacteria; Bacillati; Actinomycetota; Actinomycetes; Kitasatosporales; Streptomycetaceae; Streptomyces; unclassified Streptomyces
WP_022750723.1	  Clostridium saccharobutylicum	169679	cellular organisms; Bacteria; Bacillati; Bacillota; Clostridia; Eubacteriales; Clostridiaceae; Clostridium
WP_044853116.1	  Amycolatopsis orientalis	31958	cellular organisms; Bacteria; Bacillati; Actinomycetota; Actinomycetes; Pseudonocardiales; Pseudonocardiaceae; Amycolatopsis
WP_072506624.1	  Phaeobacter porticola	1844006	cellular organisms; Bacteria; Pseudomonadati; Pseudomonadota; Alphaproteobacteria; Rhodobacterales; Roseobacteraceae; Phaeobacter
WP_069776610.1	  Streptomyces fodineus	1904616	cellular organisms; Bacteria; Bacillati; Actinomycetota; Actinomycetes; Kitasatosporales; Streptomycetaceae; Streptomyces
WP_172867715.1	  Halobacteriovorax marinus	97084	cellular organisms; Bacteria; Pseudomonadati; Bdellovibrionota; Bacteriovoracia; Bacteriovoracales; Halobacteriovoraceae; Halobacteriovorax
WP_071102720.1	  Moorena producens	1155739	cellular organisms; Bacteria; Bacillati; Cyanobacteriota/Melainabacteria group; Cyanobacteriota; Cyanophyceae; Oscillatoriophycideae; Oscillatoriales; Oscillatoriaceae; Moorena
WP_052085983.1	  Nocardia seriolae	37332	cellular organisms; Bacteria; Bacillati; Actinomycetota; Actinomycetes; Mycobacteriales; Nocardiaceae; Nocardia
WP_076620397.1	  Phaeobacter inhibens	221822	cellular organisms; Bacteria; Pseudomonadati; Pseudomonadota; Alphaproteobacteria; Rhodobacterales; Roseobacteraceae; Phaeobacter
WP_078093363.1	  Streptomyces sp. fd1-xmd	1812480	cellular organisms; Bacteria; Bacillati; Actinomycetota; Actinomycetes; Kitasatosporales; Streptomycetaceae; Streptomyces; unclassified Streptomyces
WP_080238615.1	  Spirosoma rigui	564064	cellular organisms; Bacteria; Pseudomonadati; FCB group; Bacteroidota/Chlorobiota group; Bacteroidota; Cytophagia; Cytophagales; Cytophagaceae; Spirosoma
WP_245826334.1	  Spirosoma rigui	564064	cellular organisms; Bacteria; Pseudomonadati; FCB group; Bacteroidota/Chlorobiota group; Bacteroidota; Cytophagia; Cytophagales; Cytophagaceae; Spirosoma
WP_096708076.1	  Phaeobacter gallaeciensis	60890	cellular organisms; Bacteria; Pseudomonadati; Pseudomonadota; Alphaproteobacteria; Rhodobacterales; Roseobacteraceae; Phaeobacter
WP_159029821.1	  Streptomyces marincola	2878388	cellular organisms; Bacteria; Bacillati; Actinomycetota; Actinomycetes; Kitasatosporales; Streptomycetaceae; Streptomyces
WP_234366265.1	  Streptomyces	1883	cellular organisms; Bacteria; Bacillati; Actinomycetota; Actinomycetes; Kitasatosporales; Streptomycetaceae
WP_189783965.1	  Streptomyces capitiformicae	2014920	cellular organisms; Bacteria; Bacillati; Actinomycetota; Actinomycetes; Kitasatosporales; Streptomycetaceae; Streptomyces
WP_142230956.1	  Streptomyces calvus	67282	cellular organisms; Bacteria; Bacillati; Actinomycetota; Actinomycetes; Kitasatosporales; Streptomycetaceae; Streptomyces
WP_157916314.1	  Streptomyces xinghaiensis	1038928	cellular organisms; Bacteria; Bacillati; Actinomycetota; Actinomycetes; Kitasatosporales; Streptomycetaceae; Streptomyces
WP_095838437.1	  Chitinophaga	79328	cellular organisms; Bacteria; Pseudomonadati; FCB group; Bacteroidota/Chlorobiota group; Bacteroidota; Chitinophagia; Chitinophagales; Chitinophagaceae
WP_244940692.1	  Actinoplanes teichomyceticus	1867	cellular organisms; Bacteria; Bacillati; Actinomycetota; Actinomycetes; Micromonosporales; Micromonosporaceae; Actinoplanes
WP_009077791.1	  Actinomycetes	1760	cellular organisms; Bacteria; Bacillati; Actinomycetota
WP_219150557.1	  Amycolatopsis sp. TNS106	2861750	cellular organisms; Bacteria; Bacillati; Actinomycetota; Actinomycetes; Pseudonocardiales; Pseudonocardiaceae; Amycolatopsis; unclassified Amycolatopsis
WP_234380089.1	  Streptomyces sp. CMB-StM0423	2059884	cellular organisms; Bacteria; Bacillati; Actinomycetota; Actinomycetes; Kitasatosporales; Streptomycetaceae; Streptomyces; unclassified Streptomyces
WP_199850434.1	  Streptomyces sp. CMB-StM0423	2059884	cellular organisms; Bacteria; Bacillati; Actinomycetota; Actinomycetes; Kitasatosporales; Streptomycetaceae; Streptomyces; unclassified Streptomyces
WP_199850435.1	  Streptomyces sp. CMB-StM0423	2059884	cellular organisms; Bacteria; Bacillati; Actinomycetota; Actinomycetes; Kitasatosporales; Streptomycetaceae; Streptomyces; unclassified Streptomyces
WP_234380158.1	  Streptomyces sp. CMB-StM0423	2059884	cellular organisms; Bacteria; Bacillati; Actinomycetota; Actinomycetes; Kitasatosporales; Streptomycetaceae; Streptomyces; unclassified Streptomyces
WP_232840548.1	  Streptomyces sp. Go-475	2072505	cellular organisms; Bacteria; Bacillati; Actinomycetota; Actinomycetes; Kitasatosporales; Streptomycetaceae; Streptomyces; unclassified Streptomyces
WP_248891410.1	  Bacillus methanolicus	1471	cellular organisms; Bacteria; Bacillati; Bacillota; Bacilli; Bacillales; Bacillaceae; Bacillus
WP_107013206.1	  Christiangramia fulva	2126553	cellular organisms; Bacteria; Pseudomonadati; FCB group; Bacteroidota/Chlorobiota group; Bacteroidota; Flavobacteriia; Flavobacteriales; Flavobacteriaceae; Christiangramia
WP_257232127.1	  Bradyrhizobium sp. WBOS02	2171497	cellular organisms; Bacteria; Pseudomonadati; Pseudomonadota; Alphaproteobacteria; Hyphomicrobiales; Nitrobacteraceae; Bradyrhizobium; unclassified Bradyrhizobium
WP_257195359.1	  unclassified Bradyrhizobium	2631580	cellular organisms; Bacteria; Pseudomonadati; Pseudomonadota; Alphaproteobacteria; Hyphomicrobiales; Nitrobacteraceae; Bradyrhizobium
WP_150260869.1	  Streptomyces	1883	cellular organisms; Bacteria; Bacillati; Actinomycetota; Actinomycetes; Kitasatosporales; Streptomycetaceae
WP_150502041.1	  Streptomyces venezuelae	54571	cellular organisms; Bacteria; Bacillati; Actinomycetota; Actinomycetes; Kitasatosporales; Streptomycetaceae; Streptomyces
WP_190413506.1	  Streptomyces venezuelae	54571	cellular organisms; Bacteria; Bacillati; Actinomycetota; Actinomycetes; Kitasatosporales; Streptomycetaceae; Streptomyces
WP_125503293.1	  unclassified Streptomyces	2593676	cellular organisms; Bacteria; Bacillati; Actinomycetota; Actinomycetes; Kitasatosporales; Streptomycetaceae; Streptomyces
WP_125937074.1	  Streptomyces sp. WAC 06738	2203210	cellular organisms; Bacteria; Bacillati; Actinomycetota; Actinomycetes; Kitasatosporales; Streptomycetaceae; Streptomyces; unclassified Streptomyces
WP_135231754.1	  Nocardia sp. CS682	1047172	cellular organisms; Bacteria; Bacillati; Actinomycetota; Actinomycetes; Mycobacteriales; Nocardiaceae; Nocardia; unclassified Nocardia
WP_239514415.1	  Streptosporangium sp. 'caverna'	2202249	cellular organisms; Bacteria; Bacillati; Actinomycetota; Actinomycetes; Streptosporangiales; Streptosporangiaceae; Streptosporangium; unclassified Streptosporangium
WP_239513171.1	  Streptomyces	1883	cellular organisms; Bacteria; Bacillati; Actinomycetota; Actinomycetes; Kitasatosporales; Streptomycetaceae
WP_112181071.1	  Paraliobacillus zengyii	2213194	cellular organisms; Bacteria; Bacillati; Bacillota; Bacilli; Bacillales; Bacillaceae; Paraliobacillus
WP_114920097.1	  Micromonospora aurantiaca	47850	cellular organisms; Bacteria; Bacillati; Actinomycetota; Actinomycetes; Micromonosporales; Micromonosporaceae; Micromonospora
WP_115783597.1	  Paraburkholderia caffeinilytica	1761016	cellular organisms; Bacteria; Pseudomonadati; Pseudomonadota; Betaproteobacteria; Burkholderiales; Burkholderiaceae; Paraburkholderia
WP_117870601.1	  Ruegeria sp. AD91A	2293862	cellular organisms; Bacteria; Pseudomonadati; Pseudomonadota; Alphaproteobacteria; Rhodobacterales; Roseobacteraceae; Ruegeria; unclassified Ruegeria
WP_118070490.1	  unclassified Phaeobacter	2621772	cellular organisms; Bacteria; Pseudomonadati; Pseudomonadota; Alphaproteobacteria; Rhodobacterales; Roseobacteraceae; Phaeobacter
WP_015875928.1	  Burkholderia glumae	337	cellular organisms; Bacteria; Pseudomonadati; Pseudomonadota; Betaproteobacteria; Burkholderiales; Burkholderiaceae; Burkholderia
WP_227869535.1	  Undibacterium parvum	401471	cellular organisms; Bacteria; Pseudomonadati; Pseudomonadota; Betaproteobacteria; Burkholderiales; Oxalobacteraceae; Undibacterium
WP_153278049.1	  Saccharothrix syringae	103733	cellular organisms; Bacteria; Bacillati; Actinomycetota; Actinomycetes; Pseudonocardiales; Pseudonocardiaceae; Saccharothrix
WP_167546893.1	  Stieleria maiorica	2795974	cellular organisms; Bacteria; Pseudomonadati; PVC group; Planctomycetota; Planctomycetia; Pirellulales; Pirellulaceae; Stieleria
WP_167546894.1	  Stieleria maiorica	2795974	cellular organisms; Bacteria; Pseudomonadati; PVC group; Planctomycetota; Planctomycetia; Pirellulales; Pirellulaceae; Stieleria
WP_167546966.1	  Stieleria maiorica	2795974	cellular organisms; Bacteria; Pseudomonadati; PVC group; Planctomycetota; Planctomycetia; Pirellulales; Pirellulaceae; Stieleria
WP_246146859.1	  Rubripirellula lacrimiformis	1930273	cellular organisms; Bacteria; Pseudomonadati; PVC group; Planctomycetota; Planctomycetia; Pirellulales; Pirellulaceae; Rubripirellula
WP_145387321.1	  Stieleria neptunia	2527979	cellular organisms; Bacteria; Pseudomonadati; PVC group; Planctomycetota; Planctomycetia; Pirellulales; Pirellulaceae; Stieleria
WP_137045321.1	  Pseudolabrys sp. FHR47	2562284	cellular organisms; Bacteria; Pseudomonadati; Pseudomonadota; Alphaproteobacteria; Hyphomicrobiales; Xanthobacteraceae; Pseudolabrys; unclassified Pseudolabrys
WP_236262819.1	  Aggregatimonas sangjinii	2583587	cellular organisms; Bacteria; Pseudomonadati; FCB group; Bacteroidota/Chlorobiota group; Bacteroidota; Flavobacteriia; Flavobacteriales; Flavobacteriaceae; Aggregatimonas
WP_143979248.1	  Nocardia otitidiscaviarum	1823	cellular organisms; Bacteria; Bacillati; Actinomycetota; Actinomycetes; Mycobacteriales; Nocardiaceae; Nocardia
WP_186000716.1	  Nocardia otitidiscaviarum	1823	cellular organisms; Bacteria; Bacillati; Actinomycetota; Actinomycetes; Mycobacteriales; Nocardiaceae; Nocardia
WP_147054396.1	  Mucilaginibacter ginsenosidivorax	862126	cellular organisms; Bacteria; Pseudomonadati; FCB group; Bacteroidota/Chlorobiota group; Bacteroidota; Sphingobacteriia; Sphingobacteriales; Sphingobacteriaceae; Mucilaginibacter
WP_084427653.1	  Roseimaritima ulvae	980254	cellular organisms; Bacteria; Pseudomonadati; PVC group; Planctomycetota; Planctomycetia; Pirellulales; Pirellulaceae; Roseimaritima
WP_185282074.1	  Hymenobacter	89966	cellular organisms; Bacteria; Pseudomonadati; FCB group; Bacteroidota/Chlorobiota group; Bacteroidota; Cytophagia; Cytophagales; Hymenobacteraceae
WP_226962343.1	  unclassified Streptomyces	2593676	cellular organisms; Bacteria; Bacillati; Actinomycetota; Actinomycetes; Kitasatosporales; Streptomycetaceae; Streptomyces
WP_015875928.1	  Burkholderia glumae	337	cellular organisms; Bacteria; Pseudomonadati; Pseudomonadota; Betaproteobacteria; Burkholderiales; Burkholderiaceae; Burkholderia
WP_152456714.1	  Ruegeria sp. THAF33	2587853	cellular organisms; Bacteria; Pseudomonadati; Pseudomonadota; Alphaproteobacteria; Rhodobacterales; Roseobacteraceae; Ruegeria; unclassified Ruegeria
WP_162386257.1	  Spirosoma endbachense	2666025	cellular organisms; Bacteria; Pseudomonadati; FCB group; Bacteroidota/Chlorobiota group; Bacteroidota; Cytophagia; Cytophagales; Cytophagaceae; Spirosoma
WP_162386259.1	  Spirosoma endbachense	2666025	cellular organisms; Bacteria; Pseudomonadati; FCB group; Bacteroidota/Chlorobiota group; Bacteroidota; Cytophagia; Cytophagales; Cytophagaceae; Spirosoma
WP_196305275.1	  Metabacillus sediminilitoris	2567941	cellular organisms; Bacteria; Bacillati; Bacillota; Bacilli; Bacillales; Bacillaceae; Metabacillus
WP_233271095.1	  Microcystis aeruginosa	1126	cellular organisms; Bacteria; Bacillati; Cyanobacteriota/Melainabacteria group; Cyanobacteriota; Cyanophyceae; Oscillatoriophycideae; Chroococcales; Microcystaceae; Microcystis
GQR42_RS20190	Not found	Not found	Not found
WP_158201345.1	  Microcystis aeruginosa	1126	cellular organisms; Bacteria; Bacillati; Cyanobacteriota/Melainabacteria group; Cyanobacteriota; Cyanophyceae; Oscillatoriophycideae; Chroococcales; Microcystaceae; Microcystis
WP_112475808.1	  unclassified Streptomyces	2593676	cellular organisms; Bacteria; Bacillati; Actinomycetota; Actinomycetes; Kitasatosporales; Streptomycetaceae; Streptomyces
WP_051290453.1	  Bacillus	1386	cellular organisms; Bacteria; Bacillati; Bacillota; Bacilli; Bacillales; Bacillaceae
WP_244809867.1	  unclassified Streptomyces	2593676	cellular organisms; Bacteria; Bacillati; Actinomycetota; Actinomycetes; Kitasatosporales; Streptomycetaceae; Streptomyces
WP_165322833.1	  Rhizorhabdus phycosphaerae	2711156	cellular organisms; Bacteria; Pseudomonadati; Pseudomonadota; Alphaproteobacteria; Sphingomonadales; Sphingomonadaceae; Rhizorhabdus
WP_164797695.1	  Priestia megaterium	1404	cellular organisms; Bacteria; Bacillati; Bacillota; Bacilli; Bacillales; Bacillaceae; Priestia
WP_166249123.1	  Flagellimonas oceani	2698672	cellular organisms; Bacteria; Pseudomonadati; FCB group; Bacteroidota/Chlorobiota group; Bacteroidota; Flavobacteriia; Flavobacteriales; Flavobacteriaceae; Flagellimonas
WP_167208290.1	  Spirosoma aureum	2692134	cellular organisms; Bacteria; Pseudomonadati; FCB group; Bacteroidota/Chlorobiota group; Bacteroidota; Cytophagia; Cytophagales; Cytophagaceae; Spirosoma
WP_167208294.1	  Spirosoma aureum	2692134	cellular organisms; Bacteria; Pseudomonadati; FCB group; Bacteroidota/Chlorobiota group; Bacteroidota; Cytophagia; Cytophagales; Cytophagaceae; Spirosoma
WP_248297023.1	  Streptomyces sp. S1D4-11	2721246	cellular organisms; Bacteria; Bacillati; Actinomycetota; Actinomycetes; Kitasatosporales; Streptomycetaceae; Streptomyces; unclassified Streptomyces
WP_015875928.1	  Burkholderia glumae	337	cellular organisms; Bacteria; Pseudomonadati; Pseudomonadota; Betaproteobacteria; Burkholderiales; Burkholderiaceae; Burkholderia
WP_171116192.1	  Streptomyces	1883	cellular organisms; Bacteria; Bacillati; Actinomycetota; Actinomycetes; Kitasatosporales; Streptomycetaceae
WP_176165097.1	  Streptomyces buecherae	2763006	cellular organisms; Bacteria; Bacillati; Actinomycetota; Actinomycetes; Kitasatosporales; Streptomycetaceae; Streptomyces
WP_181583600.1	  Nocardia huaxiensis	2755382	cellular organisms; Bacteria; Bacillati; Actinomycetota; Actinomycetes; Mycobacteriales; Nocardiaceae; Nocardia
WP_231332450.1	  Actinomadura graeca	2750812	cellular organisms; Bacteria; Bacillati; Actinomycetota; Actinomycetes; Streptosporangiales; Thermomonosporaceae; Actinomadura
WP_235881173.1	  Mycolicibacterium vanbaalenii	110539	cellular organisms; Bacteria; Bacillati; Actinomycetota; Actinomycetes; Mycobacteriales; Mycobacteriaceae; Mycolicibacterium
WP_187117764.1	  Streptomyces buecherae	2763006	cellular organisms; Bacteria; Bacillati; Actinomycetota; Actinomycetes; Kitasatosporales; Streptomycetaceae; Streptomyces
WP_246562402.1	  Streptomyces roseirectus	2768066	cellular organisms; Bacteria; Bacillati; Actinomycetota; Actinomycetes; Kitasatosporales; Streptomycetaceae; Streptomyces
WP_192184291.1	  Flavobacterium sp. MDT1-60	1979344	cellular organisms; Bacteria; Pseudomonadati; FCB group; Bacteroidota/Chlorobiota group; Bacteroidota; Flavobacteriia; Flavobacteriales; Flavobacteriaceae; Flavobacterium; unclassified Flavobacterium
WP_230843555.1	  Gloeobacter morelensis	2907343	cellular organisms; Bacteria; Bacillati; Cyanobacteriota/Melainabacteria group; Cyanobacteriota; Cyanophyceae; Gloeobacterales; Gloeobacteraceae; Gloeobacter
WP_201440277.1	  Saccharothrix sp. 6-C	2781735	cellular organisms; Bacteria; Bacillati; Actinomycetota; Actinomycetes; Pseudonocardiales; Pseudonocardiaceae; Saccharothrix; unclassified Saccharothrix
WP_201440351.1	  Saccharothrix sp. 6-C	2781735	cellular organisms; Bacteria; Bacillati; Actinomycetota; Actinomycetes; Pseudonocardiales; Pseudonocardiaceae; Saccharothrix; unclassified Saccharothrix
WP_203358284.1	  Citrobacter sp. R56	1573676	cellular organisms; Bacteria; Pseudomonadati; Pseudomonadota; Gammaproteobacteria; Enterobacterales; Enterobacteriaceae; Citrobacter; unclassified Citrobacter
WP_211156986.1	  Mycolicibacterium septicum	98668	cellular organisms; Bacteria; Bacillati; Actinomycetota; Actinomycetes; Mycobacteriales; Mycobacteriaceae; Mycolicibacterium
WP_208673199.1	  Mycolicibacterium austroafricanum	39687	cellular organisms; Bacteria; Bacillati; Actinomycetota; Actinomycetes; Mycobacteriales; Mycobacteriaceae; Mycolicibacterium
WP_206263303.1	  Nostoc sp. UHCC 0702	2814655	cellular organisms; Bacteria; Bacillati; Cyanobacteriota/Melainabacteria group; Cyanobacteriota; Cyanophyceae; Nostocales; Nostocaceae; Nostoc; unclassified Nostoc
WP_208032225.1	  Streptomyces cyanogenus	80860	cellular organisms; Bacteria; Bacillati; Actinomycetota; Actinomycetes; Kitasatosporales; Streptomycetaceae; Streptomyces
WP_208035021.1	  Streptomyces cyanogenus	80860	cellular organisms; Bacteria; Bacillati; Actinomycetota; Actinomycetes; Kitasatosporales; Streptomycetaceae; Streptomyces
WP_212706334.1	  Sulfitobacter albidus	2829501	cellular organisms; Bacteria; Pseudomonadati; Pseudomonadota; Alphaproteobacteria; Rhodobacterales; Roseobacteraceae; Sulfitobacter
WP_213559283.1	  Nocardia tengchongensis	2055889	cellular organisms; Bacteria; Bacillati; Actinomycetota; Actinomycetes; Mycobacteriales; Nocardiaceae; Nocardia
WP_223777323.1	  unclassified Streptomyces	2593676	cellular organisms; Bacteria; Bacillati; Actinomycetota; Actinomycetes; Kitasatosporales; Streptomycetaceae; Streptomyces
WP_052463824.1	  Phaeobacter piscinae	1580596	cellular organisms; Bacteria; Pseudomonadati; Pseudomonadota; Alphaproteobacteria; Rhodobacterales; Roseobacteraceae; Phaeobacter
WP_259407826.1	  Streptomyces akebiae	2865673	cellular organisms; Bacteria; Bacillati; Actinomycetota; Actinomycetes; Kitasatosporales; Streptomycetaceae; Streptomyces
WP_220691299.1	  Mycolicibacterium holsaticum	152142	cellular organisms; Bacteria; Bacillati; Actinomycetota; Actinomycetes; Mycobacteriales; Mycobacteriaceae; Mycolicibacterium
WP_260106110.1	  Phaeobacter inhibens	221822	cellular organisms; Bacteria; Pseudomonadati; Pseudomonadota; Alphaproteobacteria; Rhodobacterales; Roseobacteraceae; Phaeobacter
WP_260083207.1	  Phaeobacter inhibens	221822	cellular organisms; Bacteria; Pseudomonadati; Pseudomonadota; Alphaproteobacteria; Rhodobacterales; Roseobacteraceae; Phaeobacter
WP_260085136.1	  Phaeobacter inhibens	221822	cellular organisms; Bacteria; Pseudomonadati; Pseudomonadota; Alphaproteobacteria; Rhodobacterales; Roseobacteraceae; Phaeobacter
WP_260079312.1	  Phaeobacter inhibens	221822	cellular organisms; Bacteria; Pseudomonadati; Pseudomonadota; Alphaproteobacteria; Rhodobacterales; Roseobacteraceae; Phaeobacter
WP_260088587.1	  Phaeobacter inhibens	221822	cellular organisms; Bacteria; Pseudomonadati; Pseudomonadota; Alphaproteobacteria; Rhodobacterales; Roseobacteraceae; Phaeobacter
WP_260085136.1	  Phaeobacter inhibens	221822	cellular organisms; Bacteria; Pseudomonadati; Pseudomonadota; Alphaproteobacteria; Rhodobacterales; Roseobacteraceae; Phaeobacter
WP_260090642.1	  Phaeobacter inhibens	221822	cellular organisms; Bacteria; Pseudomonadati; Pseudomonadota; Alphaproteobacteria; Rhodobacterales; Roseobacteraceae; Phaeobacter
WP_260081435.1	  Phaeobacter inhibens	221822	cellular organisms; Bacteria; Pseudomonadati; Pseudomonadota; Alphaproteobacteria; Rhodobacterales; Roseobacteraceae; Phaeobacter
WP_102877731.1	  Phaeobacter inhibens	221822	cellular organisms; Bacteria; Pseudomonadati; Pseudomonadota; Alphaproteobacteria; Rhodobacterales; Roseobacteraceae; Phaeobacter
WP_260100519.1	  Phaeobacter inhibens	221822	cellular organisms; Bacteria; Pseudomonadati; Pseudomonadota; Alphaproteobacteria; Rhodobacterales; Roseobacteraceae; Phaeobacter
WP_260107577.1	  Phaeobacter inhibens	221822	cellular organisms; Bacteria; Pseudomonadati; Pseudomonadota; Alphaproteobacteria; Rhodobacterales; Roseobacteraceae; Phaeobacter
WP_260088587.1	  Phaeobacter inhibens	221822	cellular organisms; Bacteria; Pseudomonadati; Pseudomonadota; Alphaproteobacteria; Rhodobacterales; Roseobacteraceae; Phaeobacter
WP_260088587.1	  Phaeobacter inhibens	221822	cellular organisms; Bacteria; Pseudomonadati; Pseudomonadota; Alphaproteobacteria; Rhodobacterales; Roseobacteraceae; Phaeobacter
WP_260075751.1	  Phaeobacter inhibens	221822	cellular organisms; Bacteria; Pseudomonadati; Pseudomonadota; Alphaproteobacteria; Rhodobacterales; Roseobacteraceae; Phaeobacter
WP_222883632.1	  Mycolicibacterium austroafricanum	39687	cellular organisms; Bacteria; Bacillati; Actinomycetota; Actinomycetes; Mycobacteriales; Mycobacteriaceae; Mycolicibacterium
WP_222880192.1	  Mycolicibacterium austroafricanum	39687	cellular organisms; Bacteria; Bacillati; Actinomycetota; Actinomycetes; Mycobacteriales; Mycobacteriaceae; Mycolicibacterium
WP_036368406.1	  Mycolicibacterium austroafricanum	39687	cellular organisms; Bacteria; Bacillati; Actinomycetota; Actinomycetes; Mycobacteriales; Mycobacteriaceae; Mycolicibacterium
WP_226074984.1	  Streptomyces marincola	2878388	cellular organisms; Bacteria; Bacillati; Actinomycetota; Actinomycetes; Kitasatosporales; Streptomycetaceae; Streptomyces
WP_151013450.1	  Micromonospora aurantiaca	47850	cellular organisms; Bacteria; Bacillati; Actinomycetota; Actinomycetes; Micromonosporales; Micromonosporaceae; Micromonospora
WP_181583600.1	  Nocardia huaxiensis	2755382	cellular organisms; Bacteria; Bacillati; Actinomycetota; Actinomycetes; Mycobacteriales; Nocardiaceae; Nocardia
WP_040250729.1	  Streptomyces	1883	cellular organisms; Bacteria; Bacillati; Actinomycetota; Actinomycetes; Kitasatosporales; Streptomycetaceae
WP_078845178.1	  Streptomyces	1883	cellular organisms; Bacteria; Bacillati; Actinomycetota; Actinomycetes; Kitasatosporales; Streptomycetaceae
WP_247867194.1	  Gordonia sp. PP30	2935861	cellular organisms; Bacteria; Bacillati; Actinomycetota; Actinomycetes; Mycobacteriales; Gordoniaceae; Gordonia; unclassified Gordonia (in: high G+C Gram-positive bacteria)
WP_234366265.1	  Streptomyces	1883	cellular organisms; Bacteria; Bacillati; Actinomycetota; Actinomycetes; Kitasatosporales; Streptomycetaceae
WP_257599878.1	  Ruegeria sp. YS9	2966453	cellular organisms; Bacteria; Pseudomonadati; Pseudomonadota; Alphaproteobacteria; Rhodobacterales; Roseobacteraceae; Ruegeria; unclassified Ruegeria
WP_231044504.1	  Comamonas endophytica	2949090	cellular organisms; Bacteria; Pseudomonadati; Pseudomonadota; Betaproteobacteria; Burkholderiales; Comamonadaceae; Comamonas
WP_257854054.1	  Streptomyces sp. KMM 9044	2744474	cellular organisms; Bacteria; Bacillati; Actinomycetota; Actinomycetes; Kitasatosporales; Streptomycetaceae; Streptomyces; unclassified Streptomyces
WP_277318996.1	  Streptomyces sp. 71268	3002640	cellular organisms; Bacteria; Bacillati; Actinomycetota; Actinomycetes; Kitasatosporales; Streptomycetaceae; Streptomyces; unclassified Streptomyces
WP_274406310.1	  Rhodopirellula sp. P2	2127060	cellular organisms; Bacteria; Pseudomonadati; PVC group; Planctomycetota; Planctomycetia; Pirellulales; Pirellulaceae; Rhodopirellula; unclassified Rhodopirellula
WP_275089734.1	  Legionella cardiaca	1071983	cellular organisms; Bacteria; Pseudomonadati; Pseudomonadota; Gammaproteobacteria; Legionellales; Legionellaceae; Legionella
WP_067047861.1	  Streptomyces sp. FXJ1.172	710705	cellular organisms; Bacteria; Bacillati; Actinomycetota; Actinomycetes; Kitasatosporales; Streptomycetaceae; Streptomyces; unclassified Streptomyces
A6P39_RS44975	Not found	Not found	Not found
WP_275884465.1	  Streptomyces sp. FXJ1.172	710705	cellular organisms; Bacteria; Bacillati; Actinomycetota; Actinomycetes; Kitasatosporales; Streptomycetaceae; Streptomyces; unclassified Streptomyces
WP_275571811.1	  Mycolicibacterium vanbaalenii	110539	cellular organisms; Bacteria; Bacillati; Actinomycetota; Actinomycetes; Mycobacteriales; Mycobacteriaceae; Mycolicibacterium
WP_276361562.1	  Amycolatopsis sp. QT-25	3034022	cellular organisms; Bacteria; Bacillati; Actinomycetota; Actinomycetes; Pseudonocardiales; Pseudonocardiaceae; Amycolatopsis; unclassified Amycolatopsis
WP_085180210.1	  Mycobacterium bohemicum	56425	cellular organisms; Bacteria; Bacillati; Actinomycetota; Actinomycetes; Mycobacteriales; Mycobacteriaceae; Mycobacterium
WP_090051539.1	  Lentzea fradiae	200378	cellular organisms; Bacteria; Bacillati; Actinomycetota; Actinomycetes; Pseudonocardiales; Pseudonocardiaceae; Lentzea
WP_092809462.1	  Roseivivax marinus	1379903	cellular organisms; Bacteria; Pseudomonadati; Pseudomonadota; Alphaproteobacteria; Rhodobacterales; Roseobacteraceae; Roseivivax
WP_074897685.1	  Priestia megaterium	1404	cellular organisms; Bacteria; Bacillati; Bacillota; Bacilli; Bacillales; Bacillaceae; Priestia
WP_170862396.1	  Paenibacillus sp. 453mf	1761874	cellular organisms; Bacteria; Bacillati; Bacillota; Bacilli; Bacillales; Paenibacillaceae; Paenibacillus; unclassified Paenibacillus
WP_050799714.1	  Streptomyces himastatinicus	998084	cellular organisms; Bacteria; Bacillati; Actinomycetota; Actinomycetes; Kitasatosporales; Streptomycetaceae; Streptomyces; Streptomyces violaceusniger group
WP_244297710.1	  Streptomyces griseoflavus	35619	cellular organisms; Bacteria; Bacillati; Actinomycetota; Actinomycetes; Kitasatosporales; Streptomycetaceae; Streptomyces
WP_242643069.1	  Lentzea alba	2714351	cellular organisms; Bacteria; Bacillati; Actinomycetota; Actinomycetes; Pseudonocardiales; Pseudonocardiaceae; Lentzea
WP_215447774.1	  Streptomyces sp. ATCC 21386	2699428	cellular organisms; Bacteria; Bacillati; Actinomycetota; Actinomycetes; Kitasatosporales; Streptomycetaceae; Streptomyces; unclassified Streptomyces
WP_182907405.1	  Microbispora sp. H13382	2729112	cellular organisms; Bacteria; Bacillati; Actinomycetota; Actinomycetes; Streptosporangiales; Streptosporangiaceae; Microbispora; unclassified Microbispora
WP_176648266.1	  Duganella sp. SG902	2587016	cellular organisms; Bacteria; Pseudomonadati; Pseudomonadota; Betaproteobacteria; Burkholderiales; Oxalobacteraceae; Telluria group; Duganella; unclassified Duganella
WP_181537747.1	  [Anoxybacillus] calidus	575178	cellular organisms; Bacteria; Bacillati; Bacillota; Bacilli; Bacillales; Anoxybacillaceae; Paranoxybacillus
WP_185048296.1	  Thermocatellispora tengchongensis	1073253	cellular organisms; Bacteria; Bacillati; Actinomycetota; Actinomycetes; Streptosporangiales; Streptosporangiaceae; Thermocatellispora
WP_184970482.1	  Nonomuraea endophytica	714136	cellular organisms; Bacteria; Bacillati; Actinomycetota; Actinomycetes; Streptosporangiales; Streptosporangiaceae; Nonomuraea
WP_245002337.1	  Streptomyces echinatus	67293	cellular organisms; Bacteria; Bacillati; Actinomycetota; Actinomycetes; Kitasatosporales; Streptomycetaceae; Streptomyces
WP_183457526.1	  Microbulbifer rhizosphaerae	1562603	cellular organisms; Bacteria; Pseudomonadati; Pseudomonadota; Gammaproteobacteria; Cellvibrionales; Microbulbiferaceae; Microbulbifer
WP_184306702.1	  Aporhodopirellula rubra	980271	cellular organisms; Bacteria; Pseudomonadati; PVC group; Planctomycetota; Planctomycetia; Pirellulales; Pirellulaceae; Aporhodopirellula
WP_142191419.1	  Streptomyces calvus	67282	cellular organisms; Bacteria; Bacillati; Actinomycetota; Actinomycetes; Kitasatosporales; Streptomycetaceae; Streptomyces
H7J84_RS20035	Not found	Not found	Not found
WP_166132487.1	  Flavobacterium turcicum	2764718	cellular organisms; Bacteria; Pseudomonadati; FCB group; Bacteroidota/Chlorobiota group; Bacteroidota; Flavobacteriia; Flavobacteriales; Flavobacteriaceae; Flavobacterium
WP_233412614.1	  Nucisporomicrobium flavum	2785915	cellular organisms; Bacteria; Bacillati; Actinomycetota; Actinomycetes; Micromonosporales; Micromonosporaceae; Nucisporomicrobium
WP_205372750.1	  Streptomyces zhihengii	1818004	cellular organisms; Bacteria; Bacillati; Actinomycetota; Actinomycetes; Kitasatosporales; Streptomycetaceae; Streptomyces
WP_242894396.1	  Actinomadura litoris	2678616	cellular organisms; Bacteria; Bacillati; Actinomycetota; Actinomycetes; Streptosporangiales; Thermomonosporaceae; Actinomadura
WP_230568318.1	  Saccharothrix luteola	2893018	cellular organisms; Bacteria; Bacillati; Actinomycetota; Actinomycetes; Pseudonocardiales; Pseudonocardiaceae; Saccharothrix
WP_230569023.1	  Saccharothrix luteola	2893018	cellular organisms; Bacteria; Bacillati; Actinomycetota; Actinomycetes; Pseudonocardiales; Pseudonocardiaceae; Saccharothrix
WP_231275456.1	  Lelliottia nimipressuralis	69220	cellular organisms; Bacteria; Pseudomonadati; Pseudomonadota; Gammaproteobacteria; Enterobacterales; Enterobacteriaceae; Lelliottia
WP_265442997.1	  Acetivibrio straminisolvens	253314	cellular organisms; Bacteria; Bacillati; Bacillota; Clostridia; Eubacteriales; Oscillospiraceae; Acetivibrio
WP_249948758.1	  Streptomyces sp. 35G-GA-8	2939434	cellular organisms; Bacteria; Bacillati; Actinomycetota; Actinomycetes; Kitasatosporales; Streptomycetaceae; Streptomyces; unclassified Streptomyces
WP_275215376.1	  Pseudarthrobacter naphthalenicus	3031328	cellular organisms; Bacteria; Bacillati; Actinomycetota; Actinomycetes; Micrococcales; Micrococcaceae; Pseudarthrobacter
WP_037346386.1	  Amycolatopsis sp. MJM2582	1427749	cellular organisms; Bacteria; Bacillati; Actinomycetota; Actinomycetes; Pseudonocardiales; Pseudonocardiaceae; Amycolatopsis; unclassified Amycolatopsis
WP_040182434.1	  Phaeobacter	302485	cellular organisms; Bacteria; Pseudomonadati; Pseudomonadota; Alphaproteobacteria; Rhodobacterales; Roseobacteraceae
WP_019509575.1	  Pleurocapsa sp. PCC 7319	118161	cellular organisms; Bacteria; Bacillati; Cyanobacteriota/Melainabacteria group; Cyanobacteriota; Cyanophyceae; Pleurocapsales; Hyellaceae; Pleurocapsa; unclassified Pleurocapsa
WP_004581149.1	  Marinobacter nanhaiticus	1305740	cellular organisms; Bacteria; Pseudomonadati; Pseudomonadota; Gammaproteobacteria; Pseudomonadales; Marinobacteraceae; Marinobacter
WP_223874431.1	  Salinispora mooreana	999545	cellular organisms; Bacteria; Bacillati; Actinomycetota; Actinomycetes; Micromonosporales; Micromonosporaceae; Salinispora
WP_019852972.1	  Actinopolyspora mortivallis	33906	cellular organisms; Bacteria; Bacillati; Actinomycetota; Actinomycetes; Actinopolysporales; Actinopolysporaceae; Actinopolyspora
WP_020630101.1	  Amycolatopsis alba	76020	cellular organisms; Bacteria; Bacillati; Actinomycetota; Actinomycetes; Pseudonocardiales; Pseudonocardiaceae; Amycolatopsis
WP_027891923.1	  Calidithermus chliarophilus	52023	cellular organisms; Bacteria; Thermotogati; Deinococcota; Deinococci; Thermales; Thermaceae; Calidithermus
WP_028137904.1	  Bradyrhizobium japonicum	375	cellular organisms; Bacteria; Pseudomonadati; Pseudomonadota; Alphaproteobacteria; Hyphomicrobiales; Nitrobacteraceae; Bradyrhizobium
WP_079060117.1	  Streptomyces bungoensis	285568	cellular organisms; Bacteria; Bacillati; Actinomycetota; Actinomycetes; Kitasatosporales; Streptomycetaceae; Streptomyces
WP_017745370.1	  Scytonema hofmannii	34078	cellular organisms; Bacteria; Bacillati; Cyanobacteriota/Melainabacteria group; Cyanobacteriota; Cyanophyceae; Nostocales; Scytonemataceae; Scytonema
WP_017748541.1	  Scytonema hofmannii	34078	cellular organisms; Bacteria; Bacillati; Cyanobacteriota/Melainabacteria group; Cyanobacteriota; Cyanophyceae; Nostocales; Scytonemataceae; Scytonema
WP_169907738.1	  Priestia abyssalis	1221450	cellular organisms; Bacteria; Bacillati; Bacillota; Bacilli; Bacillales; Bacillaceae; Priestia
WP_073959379.1	  Streptomyces	1883	cellular organisms; Bacteria; Bacillati; Actinomycetota; Actinomycetes; Kitasatosporales; Streptomycetaceae
WP_038515022.1	  Amycolatopsis	1813	cellular organisms; Bacteria; Bacillati; Actinomycetota; Actinomycetes; Pseudonocardiales; Pseudonocardiaceae
WP_022589135.1	  Vibrio nigripulchritudo	28173	cellular organisms; Bacteria; Pseudomonadati; Pseudomonadota; Gammaproteobacteria; Vibrionales; Vibrionaceae; Vibrio
ASC82_RS31125	Not found	Not found	Not found
WP_082145335.1	  Microvirga massiliensis	1033741	cellular organisms; Bacteria; Pseudomonadati; Pseudomonadota; Alphaproteobacteria; Hyphomicrobiales; Methylobacteriaceae; Microvirga
WP_158015653.1	  Mycobacterium basiliense	2094119	cellular organisms; Bacteria; Bacillati; Actinomycetota; Actinomycetes; Mycobacteriales; Mycobacteriaceae; Mycobacterium
WP_066911012.1	  Mycobacterium interjectum	33895	cellular organisms; Bacteria; Bacillati; Actinomycetota; Actinomycetes; Mycobacteriales; Mycobacteriaceae; Mycobacterium; Mycobacterium simiae complex
WP_067314006.1	  Micromonospora rifamycinica	291594	cellular organisms; Bacteria; Bacillati; Actinomycetota; Actinomycetes; Micromonosporales; Micromonosporaceae; Micromonospora
WP_091059125.1	  Opitutus sp. GAS368	1882749	cellular organisms; Bacteria; Pseudomonadati; PVC group; Verrucomicrobiota; Opitutia; Opitutales; Opitutaceae; Opitutus; unclassified Opitutus
WP_061796031.1	  Serratia ficaria	61651	cellular organisms; Bacteria; Pseudomonadati; Pseudomonadota; Gammaproteobacteria; Enterobacterales; Yersiniaceae; Serratia
WP_099556424.1	  Hartmannibacter diazotrophicus	1482074	cellular organisms; Bacteria; Pseudomonadati; Pseudomonadota; Alphaproteobacteria; Hyphomicrobiales; Pleomorphomonadaceae; Hartmannibacter
WP_107657641.1	  Nocardia suismassiliense	2077092	cellular organisms; Bacteria; Bacillati; Actinomycetota; Actinomycetes; Mycobacteriales; Nocardiaceae; Nocardia
WP_044495335.1	  Moorena	1155738	cellular organisms; Bacteria; Bacillati; Cyanobacteriota/Melainabacteria group; Cyanobacteriota; Cyanophyceae; Oscillatoriophycideae; Oscillatoriales; Oscillatoriaceae
WP_241518806.1	  Streptomyces sp. CB03238	1907777	cellular organisms; Bacteria; Bacillati; Actinomycetota; Actinomycetes; Kitasatosporales; Streptomycetaceae; Streptomyces; unclassified Streptomyces
WP_143543835.1	  Rhodopirellula sp. MGV	2023130	cellular organisms; Bacteria; Pseudomonadati; PVC group; Planctomycetota; Planctomycetia; Pirellulales; Pirellulaceae; Rhodopirellula; unclassified Rhodopirellula
WP_198952457.1	  Mucilaginibacter sp. MD40	2029590	cellular organisms; Bacteria; Pseudomonadati; FCB group; Bacteroidota/Chlorobiota group; Bacteroidota; Sphingobacteriia; Sphingobacteriales; Sphingobacteriaceae; Mucilaginibacter; unclassified Mucilaginibacter
WP_110986930.1	  Acaryochloris thomasi	2929456	cellular organisms; Bacteria; Bacillati; Cyanobacteriota/Melainabacteria group; Cyanobacteriota; Cyanophyceae; Acaryochloridales; Acaryochloridaceae; Acaryochloris
WP_211337579.1	  Lentzea atacamensis	531938	cellular organisms; Bacteria; Bacillati; Actinomycetota; Actinomycetes; Pseudonocardiales; Pseudonocardiaceae; Lentzea
WP_146227315.1	  Chelatococcus asaccharovorans	28210	cellular organisms; Bacteria; Pseudomonadati; Pseudomonadota; Alphaproteobacteria; Hyphomicrobiales; Chelatococcaceae; Chelatococcus
WP_090064380.1	  Lentzea flaviverrucosa	200379	cellular organisms; Bacteria; Bacillati; Actinomycetota; Actinomycetes; Pseudonocardiales; Pseudonocardiaceae; Lentzea
WP_246011203.1	  Nocardia mexicana	279262	cellular organisms; Bacteria; Bacillati; Actinomycetota; Actinomycetes; Mycobacteriales; Nocardiaceae; Nocardia
WP_128544673.1	  Larkinella soli	1770527	cellular organisms; Bacteria; Pseudomonadati; FCB group; Bacteroidota/Chlorobiota group; Bacteroidota; Cytophagia; Cytophagales; Spirosomataceae; Larkinella
WP_121064810.1	  Maribacter vaceletii	1206816	cellular organisms; Bacteria; Pseudomonadati; FCB group; Bacteroidota/Chlorobiota group; Bacteroidota; Flavobacteriia; Flavobacteriales; Flavobacteriaceae; Maribacter
WP_211343072.1	  Actinomadura pelletieri	111805	cellular organisms; Bacteria; Bacillati; Actinomycetota; Actinomycetes; Streptosporangiales; Thermomonosporaceae; Actinomadura
WP_077921577.1	  Spirosoma	107	cellular organisms; Bacteria; Pseudomonadati; FCB group; Bacteroidota/Chlorobiota group; Bacteroidota; Cytophagia; Cytophagales; Cytophagaceae
WP_242613083.1	  Herbihabitans rhizosphaerae	1872711	cellular organisms; Bacteria; Bacillati; Actinomycetota; Actinomycetes; Pseudonocardiales; Pseudonocardiaceae; Herbihabitans
WP_130751349.1	  Rhizobium leguminosarum	384	cellular organisms; Bacteria; Pseudomonadati; Pseudomonadota; Alphaproteobacteria; Hyphomicrobiales; Rhizobiaceae; Rhizobium/Agrobacterium group; Rhizobium
WP_146515559.1	  Rubripirellula amarantea	2527999	cellular organisms; Bacteria; Pseudomonadati; PVC group; Planctomycetota; Planctomycetia; Pirellulales; Pirellulaceae; Rubripirellula
WP_146520203.1	  Stieleria varia	2528005	cellular organisms; Bacteria; Pseudomonadati; PVC group; Planctomycetota; Planctomycetia; Pirellulales; Pirellulaceae; Stieleria
WP_197231456.1	  Novipirellula artificiosorum	2528016	cellular organisms; Bacteria; Pseudomonadati; PVC group; Planctomycetota; Planctomycetia; Pirellulales; Pirellulaceae; Novipirellula
WP_146459628.1	  Rubripirellula tenax	2528015	cellular organisms; Bacteria; Pseudomonadati; PVC group; Planctomycetota; Planctomycetia; Pirellulales; Pirellulaceae; Rubripirellula
WP_146461742.1	  Rubripirellula tenax	2528015	cellular organisms; Bacteria; Pseudomonadati; PVC group; Planctomycetota; Planctomycetia; Pirellulales; Pirellulaceae; Rubripirellula
WP_207925978.1	  Actinocrispum wychmicini	1213861	cellular organisms; Bacteria; Bacillati; Actinomycetota; Actinomycetes; Pseudonocardiales; Pseudonocardiaceae; Actinocrispum
WP_132944978.1	  Tumebacillus sp. BK434	2512169	cellular organisms; Bacteria; Bacillati; Bacillota; Bacilli; Bacillales; Alicyclobacillaceae; Tumebacillus; unclassified Tumebacillus
WP_135792313.1	  Streptomyces griseoluteus	29306	cellular organisms; Bacteria; Bacillati; Actinomycetota; Actinomycetes; Kitasatosporales; Streptomycetaceae; Streptomyces
WP_137259799.1	  Ilyomonas limi	2575867	cellular organisms; Bacteria; Pseudomonadati; FCB group; Bacteroidota/Chlorobiota group; Bacteroidota; Chitinophagia; Chitinophagales; Chitinophagaceae; Ilyomonas
WP_261386624.1	  Streptomyces sp. BK340	2572903	cellular organisms; Bacteria; Bacillati; Actinomycetota; Actinomycetes; Kitasatosporales; Streptomycetaceae; Streptomyces; unclassified Streptomyces
WP_144256051.1	  Flavobacterium restrictum	2594428	cellular organisms; Bacteria; Pseudomonadati; FCB group; Bacteroidota/Chlorobiota group; Bacteroidota; Flavobacteriia; Flavobacteriales; Flavobacteriaceae; Flavobacterium
WP_127087328.1	  Dulcicalothrix desertica	32056	cellular organisms; Bacteria; Bacillati; Cyanobacteriota/Melainabacteria group; Cyanobacteriota; Cyanophyceae; Nostocales; Calotrichaceae; Dulcicalothrix
WP_156222606.1	  Actinomadura litoris	2678616	cellular organisms; Bacteria; Bacillati; Actinomycetota; Actinomycetes; Streptosporangiales; Thermomonosporaceae; Actinomadura
WP_170097054.1	  Haloarcula	2237	cellular organisms; Archaea; Methanobacteriati; Methanobacteriota; Stenosarchaea group; Halobacteria; Halobacteriales; Haloarculaceae
